label,date,method,window_name,param_name,param_value,scenario,active_points,soc_min_actual,soc_max_actual,soc_span_actual,n_turning_points,n_cycles_total,dominant_dod_mid,dominant_cycle_count,damage_index,param_name_feas,param_value_feas,Ecap_kwh,Pbatt_max_kw,soc_min,soc_max,soc0,ramp_p95_kw_target,ramp_p95_kw_actual,throughput_req_kwh,throughput_act_kwh,energy_mismatch_kwh,power_limit_frac,soc_limit_frac,efc_act
clear,2024-06-05,EMA,10min,alpha,0.6666666666666666,large,170,0.5016337448559671,0.5258522018961849,0.024218457040217745,47,45.0,0.025,45.0,0.000523224834379183,alpha,0.6666666666666666,6000.0,1500.0,0.2,0.8,0.5,173.18046220971405,173.18046220971405,316.8770839452977,316.8770839452977,0.0,0.0,0.0,0.0264064236621081
clear,2024-06-05,EMA,20min,alpha,0.4,large,170,0.5035600000000001,0.5775098492803994,0.07394984928039927,39,37.0,0.025,36.0,0.00043020708604510604,alpha,0.4,6000.0,1500.0,0.2,0.8,0.5,169.1896698834399,169.1896698834399,907.5867432494864,907.5867432494864,0.0,0.0,0.0,0.0756322286041238
clear,2024-06-05,EMA,30min,alpha,0.2857142857142857,large,170,0.5046061826090981,0.6290663512410712,0.12446016863197318,27,25.0,0.025,24.0,0.00029234149476424194,alpha,0.2857142857142857,6000.0,1500.0,0.2,0.8,0.5,161.5538707586902,161.5538707586902,1466.205391044694,1466.205391044694,0.0,0.0,0.0,0.1221837825870578
clear,2024-06-05,EMA,60min,alpha,0.15384615384615385,large,170,0.5060086637178126,0.7826342572138416,0.276625593496029,21,19.0,0.025,18.0,0.00023520819180141605,alpha,0.1538461538461538,6000.0,1500.0,0.2,0.8,0.5,147.4278354304004,147.4278354304004,2980.7118505407057,2980.7118505407057,5.921189464667501e-15,0.0,0.0,0.2483926542117254
clear,2024-06-05,SMA,10min,N,2.0,large,170,0.5016388888888892,0.5258819444444447,0.024243055555555504,53,51.5,0.025,51.5,0.0005988017549006206,N,2.0,6000.0,1500.0,0.2,0.8,0.5,175.5,175.5,332.7083333333333,332.7083333333333,0.0,0.0,0.0,0.0277256944444444
clear,2024-06-05,SMA,20min,N,4.0,large,170,0.5045138888888889,0.5775694444444445,0.07305555555555554,37,35.0,0.025,34.0,0.0004069526489615868,N,4.0,6000.0,1500.0,0.2,0.8,0.5,168.95,168.95,938.6666666666666,938.6666666666666,0.0,0.0,0.0,0.0782222222222222
clear,2024-06-05,SMA,30min,N,6.0,large,170,0.5056574074074074,0.6292337962962962,0.12357638888888878,33,31.0,0.025,30.0,0.0003621048060147997,N,6.0,6000.0,1500.0,0.2,0.8,0.5,165.8,165.8,1514.3055555555552,1514.3055555555552,0.0,0.0,0.0,0.1261921296296296
clear,2024-06-05,SMA,60min,N,12.0,large,170,0.5068009259259258,0.7838391203703704,0.27703819444444455,17,15.0,0.025,14.0,0.00018869931763437756,N,12.0,6000.0,1500.0,0.2,0.8,0.5,161.0666666666666,161.0666666666666,3157.243055555555,3157.243055555555,1.5395092608135503e-14,0.0,0.0,0.2631035879629629
cloudy,2024-04-03,EMA,10min,alpha,0.6666666666666666,large,143,0.5015951646090534,0.5262702914698281,0.024675126860774665,57,54.0,0.025,54.0,0.0006278698012550197,alpha,0.6666666666666666,6000.0,1500.0,0.2,0.8,0.5,1631.034240697516,1631.034240697516,2359.443138650504,2359.443138650504,0.0,0.0,0.0,0.1966202615542086
cloudy,2024-04-03,EMA,20min,alpha,0.4,large,143,0.5033854000000001,0.5775599143830471,0.07417451438304701,55,52.5,0.025,51.5,0.0006104289734423802,alpha,0.4,6000.0,1500.0,0.2,0.8,0.5,855.1485803702419,855.1485803702419,4366.951466731291,4359.755977102535,7.195489628755088,0.0139860139860139,0.0,0.3633129980918779
cloudy,2024-04-03,EMA,30min,alpha,0.2857142857142857,large,143,0.5043249051321209,0.6290605330903517,0.12473562795823079,47,45.0,0.025,44.0,0.0005248858655994344,alpha,0.2857142857142857,6000.0,1500.0,0.2,0.8,0.5,578.2840413984403,578.2840413984403,5430.675293068988,5360.267273888837,70.40801918015134,0.0279720279720279,0.0,0.4466889394907364
cloudy,2024-04-03,EMA,60min,alpha,0.15384615384615385,large,143,0.5055552944185739,0.7837224866758421,0.27816719225726816,45,43.0,0.025,39.0,0.0005129850654449275,alpha,0.1538461538461538,6000.0,1500.0,0.2,0.8,0.5,290.29540581746016,467.4144642621216,7491.931647807789,7264.408184491456,227.52346331633197,0.0769230769230769,0.0,0.6053673487076213
cloudy,2024-04-03,SMA,10min,N,2.0,large,143,0.5019583333333334,0.5278055555555556,0.025847222222222244,73,69.5,0.025,69.5,0.0008080916886522938,N,2.0,6000.0,1500.0,0.2,0.8,0.5,1283.425,1283.425,3754.833333333333,3742.25,12.583333333333332,0.0139860139860139,0.0,0.3118541666666666
cloudy,2024-04-03,SMA,20min,N,4.0,large,143,0.4983368055555554,0.577642361111111,0.07930555555555563,55,52.5,0.025,51.5,0.0006104289734423802,N,4.0,6000.0,1500.0,0.2,0.8,0.5,698.0374999999999,691.3874999999999,5458.583333333333,5245.458333333333,213.125,0.0629370629370629,0.0,0.4371215277777777
cloudy,2024-04-03,SMA,30min,N,6.0,large,143,0.5052824074074075,0.6347569444444447,0.12947453703703726,46,43.0,0.025,42.0,0.0005008009129057895,N,6.0,6000.0,1500.0,0.2,0.8,0.5,479.0083333333332,544.8249999999995,6227.208333333333,5939.541666666666,287.6666666666666,0.0629370629370629,0.0,0.4949618055555555
cloudy,2024-04-03,SMA,60min,N,12.0,large,143,0.5062453703703703,0.8,0.2937546296296297,41,39.0,0.025,34.0,0.000466476191277889,N,12.0,6000.0,1500.0,0.2,0.8,0.5,236.96666666666664,643.9999999999989,8342.520833333332,7756.576388888888,585.9444444444439,0.1258741258741259,0.0139860139860139,0.6463813657407407
medium,2025-03-15,EMA,10min,alpha,0.6666666666666666,large,135,0.501684670781893,0.5242423232595164,0.022557652477623313,49,44.5,0.025,44.5,0.0005174112251083033,alpha,0.6666666666666666,6000.0,1500.0,0.2,0.8,0.5,447.67917428273927,447.67917428273927,946.0813970231168,946.0813970231168,0.0,0.0,0.0,0.078840116418593
medium,2025-03-15,EMA,20min,alpha,0.4,large,135,0.5034543333333334,0.5719689509741214,0.06851461764078792,45,40.5,0.025,40.5,0.00047090235094126475,alpha,0.4,6000.0,1500.0,0.2,0.8,0.5,294.7606459285963,294.7606459285963,1974.4253147060572,1974.4253147060572,0.0,0.0,0.0,0.1645354428921714
medium,2025-03-15,EMA,30min,alpha,0.2857142857142857,large,135,0.5043349125364432,0.619064506802164,0.11472959426572071,43,39.5,0.025,39.5,0.0004592751323995051,alpha,0.2857142857142857,6000.0,1500.0,0.2,0.8,0.5,219.368593599296,219.368593599296,2602.3036452260367,2602.3036452260367,0.0,0.0,0.0,0.2168586371021697
medium,2025-03-15,EMA,60min,alpha,0.15384615384615385,large,135,0.5054459679866485,0.7584998336691385,0.25305386568249,27,23.5,0.025,21.0,0.0002775583169040047,alpha,0.1538461538461538,6000.0,1500.0,0.2,0.8,0.5,157.78570764592442,157.78570764592442,3952.181093068792,3952.181093068792,3.552713678800501e-15,0.0,0.0,0.3293484244223993
medium,2025-03-15,SMA,10min,N,2.0,large,135,0.5015763888888889,0.5243888888888888,0.022812499999999902,69,66.5,0.025,66.5,0.0007732100330270149,N,2.0,6000.0,1500.0,0.2,0.8,0.5,499.9999999999994,499.9999999999994,1388.1666666666663,1388.1666666666663,0.0,0.0,0.0,0.1156805555555555
medium,2025-03-15,SMA,20min,N,4.0,large,135,0.5044340277777778,0.5726840277777775,0.0682499999999997,43,39.5,0.025,39.5,0.0004592751323995051,N,4.0,6000.0,1500.0,0.2,0.8,0.5,310.0375,310.0375,2482.3541666666665,2482.3541666666665,0.0,0.0,0.0,0.2068628472222222
medium,2025-03-15,SMA,30min,N,6.0,large,135,0.505247685185185,0.6198819444444444,0.11463425925925941,43,39.5,0.025,39.0,0.0004592751323995051,N,6.0,6000.0,1500.0,0.2,0.8,0.5,212.0666666666665,212.0666666666665,3126.319444444444,3126.319444444444,2.3684757858670005e-15,0.0,0.0,0.2605266203703703
medium,2025-03-15,SMA,60min,N,12.0,large,135,0.5060613425925926,0.7601446759259262,0.25408333333333355,27,23.5,0.025,20.5,0.0002775583169040047,N,12.0,6000.0,1500.0,0.2,0.8,0.5,139.42083333333332,139.42083333333332,4346.965277777777,4344.472222222223,2.493055555555577,0.0074074074074074,0.0,0.3620393518518519
clear,2024-06-05,EMA,10min,alpha,0.6666666666666666,small,170,0.5049012345679013,0.5775566056885545,0.07265537112065323,47,45.0,0.025,44.0,0.000523224834379183,alpha,0.6666666666666666,2000.0,500.0,0.2,0.8,0.5,173.18046220971405,173.18046220971405,316.8770839452977,316.8770839452977,0.0,0.0,0.0,0.0792192709863244
clear,2024-06-05,EMA,20min,alpha,0.4,small,170,0.51068,0.7325295478411978,0.22184954784119781,39,37.0,0.025,36.0,0.00044305822232810354,alpha,0.4,2000.0,500.0,0.2,0.8,0.5,169.1896698834399,169.1896698834399,907.5867432494864,907.5867432494864,0.0,0.0,0.0,0.2268966858123715
clear,2024-06-05,EMA,30min,alpha,0.2857142857142857,small,170,0.4711075501388722,0.8,0.32889244986112787,27,25.5,0.025,24.5,0.0003122250155478393,alpha,0.2857142857142857,2000.0,500.0,0.2,0.8,0.5,161.5538707586902,165.91662299496485,1466.205391044694,1291.807283598266,174.39810744642818,0.0,0.1823529411764705,0.3229518208995665
clear,2024-06-05,EMA,60min,alpha,0.15384615384615385,small,170,0.3401244220393875,0.8,0.45987557796061257,21,19.5,0.025,18.0,0.0002459498698598094,alpha,0.1538461538461538,2000.0,500.0,0.2,0.8,0.5,147.4278354304004,175.0,2980.7118505407057,1560.0045903873424,1420.707260153363,0.1529411764705882,0.2352941176470588,0.3900011475968356
clear,2024-06-05,SMA,10min,N,2.0,small,170,0.5049166666666673,0.5776458333333332,0.07272916666666585,53,51.5,0.025,50.5,0.0005988017549006206,N,2.0,2000.0,500.0,0.2,0.8,0.5,175.5,175.5,332.7083333333333,332.7083333333333,0.0,0.0,0.0,0.0831770833333333
clear,2024-06-05,SMA,20min,N,4.0,small,170,0.5135416666666667,0.7327083333333336,0.21916666666666695,37,35.0,0.025,34.0,0.0004198037852445843,N,4.0,2000.0,500.0,0.2,0.8,0.5,168.95,168.95,938.6666666666666,938.6666666666666,0.0,0.0,0.0,0.2346666666666666
clear,2024-06-05,SMA,30min,N,6.0,small,170,0.4530902777777778,0.8,0.34690972222222227,33,31.5,0.025,30.0,0.00038198832679839703,N,6.0,2000.0,500.0,0.2,0.8,0.5,165.8,166.0,1514.3055555555552,1338.9027777777778,175.4027777777775,0.0,0.1764705882352941,0.3347256944444444
clear,2024-06-05,SMA,60min,N,12.0,small,170,0.3208437499999998,0.8,0.47915625000000023,17,15.5,0.025,14.0,0.00019944099569277094,N,12.0,2000.0,500.0,0.2,0.8,0.5,161.0666666666666,174.6,3157.243055555555,1615.9791666666656,1541.2638888888896,0.1647058823529411,0.2176470588235294,0.4039947916666664
cloudy,2024-04-03,EMA,10min,alpha,0.6666666666666666,small,143,0.5047854938271604,0.5835277529160082,0.0787422590888478,57,54.0,0.025,53.5,0.0006278698012550197,alpha,0.6666666666666666,2000.0,500.0,0.2,0.8,0.5,1631.034240697516,1953.7288412771245,2359.443138650504,1972.2730551504717,387.17008350003255,0.1468531468531468,0.0,0.4930682637876178
cloudy,2024-04-03,EMA,20min,alpha,0.4,small,143,0.5101562000000001,0.7539082772844177,0.2437520772844176,55,52.5,0.025,50.5,0.0006176850571940046,alpha,0.4,2000.0,500.0,0.2,0.8,0.5,855.1485803702419,1887.1330954082832,4366.951466731291,2910.928499679979,1456.0229670513108,0.3006993006993007,0.0,0.7277321249199947
cloudy,2024-04-03,EMA,30min,alpha,0.2857142857142857,small,143,0.5129747153963626,0.8,0.2870252846036374,47,45.0,0.025,42.0,0.0005345784713081953,alpha,0.2857142857142857,2000.0,500.0,0.2,0.8,0.5,578.2840413984403,1885.999999999999,5430.675293068988,3134.1389801493588,2296.5363129196294,0.3356643356643357,0.2237762237762237,0.7835347450373397
cloudy,2024-04-03,EMA,60min,alpha,0.15384615384615385,small,143,0.5163213472032442,0.8,0.28367865279675586,45,43.5,0.025,36.5,0.0005248370117400152,alpha,0.1538461538461538,2000.0,500.0,0.2,0.8,0.5,290.29540581746016,1885.999999999999,7491.931647807789,3428.979279906024,4062.9523679017625,0.4545454545454545,0.2657342657342657,0.8572448199765059
cloudy,2024-04-03,SMA,10min,N,2.0,small,143,0.505875,0.6065416666666665,0.10066666666666657,73,70.0,0.025,69.5,0.0008139052979231736,N,2.0,2000.0,500.0,0.2,0.8,0.5,1283.425,1971.499999999999,3754.833333333333,2145.458333333333,1609.375,0.2587412587412587,0.0,0.5363645833333333
cloudy,2024-04-03,SMA,20min,N,4.0,small,143,0.5129583333333333,0.7329270833333333,0.21996875000000005,55,50.5,0.025,47.0,0.0005936001045003597,N,4.0,2000.0,500.0,0.2,0.8,0.5,698.0374999999999,1885.999999999999,5458.583333333333,3078.4375,2380.145833333333,0.3356643356643357,0.0,0.769609375
cloudy,2024-04-03,SMA,30min,N,6.0,small,143,0.5158472222222222,0.8,0.2841527777777778,46,42.0,0.025,37.5,0.0004995307125608914,N,6.0,2000.0,500.0,0.2,0.8,0.5,479.0083333333332,1885.999999999999,6227.208333333333,3270.458333333333,2956.7500000000005,0.3566433566433566,0.1608391608391608,0.8176145833333333
cloudy,2024-04-03,SMA,60min,N,12.0,small,143,0.5187361111111111,0.8,0.281263888888889,41,38.5,0.025,31.0,0.0004571744164444813,N,12.0,2000.0,500.0,0.2,0.8,0.5,236.96666666666664,1891.5041666666664,8342.520833333332,3559.548611111109,4782.972222222224,0.5104895104895105,0.2307692307692307,0.8898871527777774
medium,2025-03-15,EMA,10min,alpha,0.6666666666666666,small,135,0.505054012345679,0.5727269697785493,0.06767295743287027,49,44.5,0.025,44.5,0.0005174112251083033,alpha,0.6666666666666666,2000.0,500.0,0.2,0.8,0.5,447.67917428273927,447.67917428273927,946.0813970231168,946.0813970231168,0.0,0.0,0.0,0.2365203492557792
medium,2025-03-15,EMA,20min,alpha,0.4,small,135,0.491411721262003,0.7043174842781212,0.21290576301611824,45,42.5,0.025,40.5,0.000494156788024784,alpha,0.4,2000.0,500.0,0.2,0.8,0.5,294.7606459285963,294.7606459285963,1974.4253147060572,1914.2251447798096,60.20016992624738,0.0222222222222222,0.0,0.4785562861949524
medium,2025-03-15,EMA,30min,alpha,0.2857142857142857,small,135,0.4645647091463063,0.8,0.3354352908536937,43,40.5,0.025,37.0,0.0004725633821615161,alpha,0.2857142857142857,2000.0,500.0,0.2,0.8,0.5,219.368593599296,320.8687656236102,2602.3036452260367,2414.6869338803763,187.61671134566043,0.0592592592592592,0.0666666666666666,0.6036717334700941
medium,2025-03-15,EMA,60min,alpha,0.15384615384615385,small,135,0.2,0.8,0.6000000000000001,27,25.0,0.025,20.0,0.00031449800563870963,alpha,0.1538461538461538,2000.0,500.0,0.2,0.8,0.5,157.78570764592442,557.3499999999999,3952.181093068792,2715.4981189310183,1236.6829741377735,0.2148148148148148,0.2666666666666666,0.6788745297327545
medium,2025-03-15,SMA,10min,N,2.0,small,135,0.4881875000000001,0.5645833333333333,0.07639583333333322,69,67.5,0.025,67.5,0.0007848372515687745,N,2.0,2000.0,500.0,0.2,0.8,0.5,499.9999999999994,499.9999999999994,1388.1666666666663,1351.1666666666663,37.0,0.0222222222222222,0.0,0.3377916666666666
medium,2025-03-15,SMA,20min,N,4.0,small,135,0.4798958333333322,0.693916666666666,0.21402083333333377,43,41.5,0.025,37.5,0.0004841906007032757,N,4.0,2000.0,500.0,0.2,0.8,0.5,310.0375,351.8124999999998,2482.3541666666665,2295.4166666666665,186.9375,0.0666666666666666,0.0,0.5738541666666667
medium,2025-03-15,SMA,30min,N,6.0,small,135,0.4568819444444446,0.8,0.34311805555555547,43,40.5,0.025,34.0,0.0004778786820663205,N,6.0,2000.0,500.0,0.2,0.8,0.5,212.0666666666665,378.5666666666661,3126.319444444444,2762.8472222222213,363.47222222222274,0.1777777777777777,0.0592592592592592,0.6907118055555553
medium,2025-03-15,SMA,60min,N,12.0,small,135,0.2,0.8,0.6000000000000001,27,24.0,0.025,19.0,0.0003026496591016843,N,12.0,2000.0,500.0,0.2,0.8,0.5,139.42083333333332,545.0541666666666,4346.965277777777,2979.09722222222,1367.8680555555568,0.2518518518518518,0.2,0.744774305555555
