label,date,method,window_name,param_name,param_value,scenario,Ecap_kwh,Pbatt_max_kw,soc_min,soc_max,soc0,ramp_p95_kw_target,ramp_p95_kw_actual,throughput_req_kwh,throughput_act_kwh,energy_mismatch_kwh,power_limit_frac,soc_limit_frac,efc_act
clear,2024-06-05,EMA,10min,alpha,0.6666666666666666,large,6000.0,1500.0,0.2,0.8,0.5,173.18046220971405,173.18046220971405,316.8770839452977,316.8770839452977,0.0,0.0,0.0,0.026406423662108144
clear,2024-06-05,EMA,20min,alpha,0.4,large,6000.0,1500.0,0.2,0.8,0.5,169.1896698834399,169.1896698834399,907.5867432494863,907.5867432494863,0.0,0.0,0.0,0.07563222860412386
clear,2024-06-05,EMA,30min,alpha,0.2857142857142857,large,6000.0,1500.0,0.2,0.8,0.5,161.5538707586902,161.5538707586902,1466.205391044694,1466.205391044694,0.0,0.0,0.0,0.12218378258705782
clear,2024-06-05,EMA,60min,alpha,0.15384615384615385,large,6000.0,1500.0,0.2,0.8,0.5,147.4278354304004,147.4278354304004,2980.7118505407057,2980.7118505407057,5.921189464667501e-15,0.0,0.0,0.24839265421172546
clear,2024-06-05,SMA,10min,N,2.0,large,6000.0,1500.0,0.2,0.8,0.5,175.5,175.5,332.7083333333333,332.7083333333333,0.0,0.0,0.0,0.02772569444444444
clear,2024-06-05,SMA,20min,N,4.0,large,6000.0,1500.0,0.2,0.8,0.5,168.95,168.95,938.6666666666666,938.6666666666666,0.0,0.0,0.0,0.07822222222222222
clear,2024-06-05,SMA,30min,N,6.0,large,6000.0,1500.0,0.2,0.8,0.5,165.8,165.8,1514.3055555555552,1514.3055555555552,0.0,0.0,0.0,0.1261921296296296
clear,2024-06-05,SMA,60min,N,12.0,large,6000.0,1500.0,0.2,0.8,0.5,161.0666666666666,161.0666666666666,3157.243055555555,3157.243055555555,1.5395092608135503e-14,0.0,0.0,0.26310358796296296
cloudy,2024-04-03,EMA,10min,alpha,0.6666666666666666,large,6000.0,1500.0,0.2,0.8,0.5,1631.034240697516,1631.034240697516,2359.443138650504,2359.443138650504,0.0,0.0,0.0,0.19662026155420867
cloudy,2024-04-03,EMA,20min,alpha,0.4,large,6000.0,1500.0,0.2,0.8,0.5,855.1485803702419,855.1485803702419,4366.951466731291,4359.755977102535,7.195489628755088,0.013986013986013986,0.0,0.36331299809187795
cloudy,2024-04-03,EMA,30min,alpha,0.2857142857142857,large,6000.0,1500.0,0.2,0.8,0.5,578.2840413984403,578.2840413984403,5430.675293068988,5360.267273888837,70.40801918015134,0.027972027972027972,0.0,0.4466889394907364
cloudy,2024-04-03,EMA,60min,alpha,0.15384615384615385,large,6000.0,1500.0,0.2,0.8,0.5,290.29540581746016,467.41446426212156,7491.931647807789,7264.408184491456,227.52346331633194,0.07692307692307693,0.0,0.6053673487076213
cloudy,2024-04-03,SMA,10min,N,2.0,large,6000.0,1500.0,0.2,0.8,0.5,1283.425,1283.425,3754.833333333333,3742.25,12.583333333333332,0.013986013986013986,0.0,0.31185416666666665
cloudy,2024-04-03,SMA,20min,N,4.0,large,6000.0,1500.0,0.2,0.8,0.5,698.0374999999999,691.3874999999999,5458.583333333333,5245.458333333333,213.125,0.06293706293706294,0.0,0.43712152777777774
cloudy,2024-04-03,SMA,30min,N,6.0,large,6000.0,1500.0,0.2,0.8,0.5,479.00833333333316,544.8249999999995,6227.208333333333,5939.541666666666,287.6666666666666,0.06293706293706294,0.0,0.4949618055555555
cloudy,2024-04-03,SMA,60min,N,12.0,large,6000.0,1500.0,0.2,0.8,0.5,236.96666666666664,643.9999999999989,8342.520833333332,7756.576388888888,585.9444444444439,0.1258741258741259,0.013986013986013986,0.6463813657407407
medium,2025-03-15,EMA,10min,alpha,0.6666666666666666,large,6000.0,1500.0,0.2,0.8,0.5,447.67917428273927,447.67917428273927,946.0813970231168,946.0813970231168,0.0,0.0,0.0,0.07884011641859306
medium,2025-03-15,EMA,20min,alpha,0.4,large,6000.0,1500.0,0.2,0.8,0.5,294.7606459285963,294.7606459285963,1974.4253147060574,1974.4253147060574,0.0,0.0,0.0,0.16453544289217145
medium,2025-03-15,EMA,30min,alpha,0.2857142857142857,large,6000.0,1500.0,0.2,0.8,0.5,219.368593599296,219.368593599296,2602.3036452260367,2602.3036452260367,0.0,0.0,0.0,0.2168586371021697
medium,2025-03-15,EMA,60min,alpha,0.15384615384615385,large,6000.0,1500.0,0.2,0.8,0.5,157.78570764592442,157.78570764592442,3952.181093068792,3952.181093068792,3.552713678800501e-15,0.0,0.0,0.3293484244223993
medium,2025-03-15,SMA,10min,N,2.0,large,6000.0,1500.0,0.2,0.8,0.5,499.99999999999943,499.99999999999943,1388.1666666666665,1388.1666666666665,0.0,0.0,0.0,0.11568055555555554
medium,2025-03-15,SMA,20min,N,4.0,large,6000.0,1500.0,0.2,0.8,0.5,310.03749999999997,310.03749999999997,2482.3541666666665,2482.3541666666665,0.0,0.0,0.0,0.2068628472222222
medium,2025-03-15,SMA,30min,N,6.0,large,6000.0,1500.0,0.2,0.8,0.5,212.06666666666646,212.06666666666646,3126.319444444444,3126.319444444444,2.3684757858670005e-15,0.0,0.0,0.26052662037037033
medium,2025-03-15,SMA,60min,N,12.0,large,6000.0,1500.0,0.2,0.8,0.5,139.42083333333332,139.42083333333332,4346.965277777777,4344.472222222223,2.493055555555577,0.007407407407407408,0.0,0.3620393518518519
clear,2024-06-05,EMA,10min,alpha,0.6666666666666666,small,2000.0,500.0,0.2,0.8,0.5,173.18046220971405,173.18046220971405,316.8770839452977,316.8770839452977,0.0,0.0,0.0,0.07921927098632443
clear,2024-06-05,EMA,20min,alpha,0.4,small,2000.0,500.0,0.2,0.8,0.5,169.1896698834399,169.1896698834399,907.5867432494863,907.5867432494863,0.0,0.0,0.0,0.22689668581237157
clear,2024-06-05,EMA,30min,alpha,0.2857142857142857,small,2000.0,500.0,0.2,0.8,0.5,161.5538707586902,165.91662299496483,1466.205391044694,1291.807283598266,174.39810744642818,0.0,0.18235294117647058,0.3229518208995665
clear,2024-06-05,EMA,60min,alpha,0.15384615384615385,small,2000.0,500.0,0.2,0.8,0.5,147.4278354304004,175.0,2980.7118505407057,1560.0045903873424,1420.707260153363,0.15294117647058825,0.23529411764705882,0.39000114759683563
clear,2024-06-05,SMA,10min,N,2.0,small,2000.0,500.0,0.2,0.8,0.5,175.5,175.5,332.7083333333333,332.7083333333333,0.0,0.0,0.0,0.08317708333333333
clear,2024-06-05,SMA,20min,N,4.0,small,2000.0,500.0,0.2,0.8,0.5,168.95,168.95,938.6666666666666,938.6666666666666,0.0,0.0,0.0,0.23466666666666666
clear,2024-06-05,SMA,30min,N,6.0,small,2000.0,500.0,0.2,0.8,0.5,165.8,166.0,1514.3055555555552,1338.9027777777778,175.4027777777775,0.0,0.17647058823529413,0.33472569444444444
clear,2024-06-05,SMA,60min,N,12.0,small,2000.0,500.0,0.2,0.8,0.5,161.0666666666666,174.6,3157.243055555555,1615.9791666666656,1541.2638888888896,0.16470588235294117,0.21764705882352942,0.4039947916666664
cloudy,2024-04-03,EMA,10min,alpha,0.6666666666666666,small,2000.0,500.0,0.2,0.8,0.5,1631.034240697516,1953.7288412771245,2359.443138650504,1972.2730551504715,387.17008350003255,0.14685314685314685,0.0,0.49306826378761787
cloudy,2024-04-03,EMA,20min,alpha,0.4,small,2000.0,500.0,0.2,0.8,0.5,855.1485803702419,1887.1330954082832,4366.951466731291,2910.928499679979,1456.0229670513108,0.3006993006993007,0.0,0.7277321249199947
cloudy,2024-04-03,EMA,30min,alpha,0.2857142857142857,small,2000.0,500.0,0.2,0.8,0.5,578.2840413984403,1885.999999999999,5430.675293068988,3134.1389801493588,2296.5363129196294,0.3356643356643357,0.22377622377622378,0.7835347450373397
cloudy,2024-04-03,EMA,60min,alpha,0.15384615384615385,small,2000.0,500.0,0.2,0.8,0.5,290.29540581746016,1885.999999999999,7491.931647807789,3428.9792799060237,4062.9523679017625,0.45454545454545453,0.26573426573426573,0.8572448199765059
cloudy,2024-04-03,SMA,10min,N,2.0,small,2000.0,500.0,0.2,0.8,0.5,1283.425,1971.499999999999,3754.833333333333,2145.458333333333,1609.375,0.25874125874125875,0.0,0.5363645833333333
cloudy,2024-04-03,SMA,20min,N,4.0,small,2000.0,500.0,0.2,0.8,0.5,698.0374999999999,1885.999999999999,5458.583333333333,3078.4375,2380.145833333333,0.3356643356643357,0.0,0.769609375
cloudy,2024-04-03,SMA,30min,N,6.0,small,2000.0,500.0,0.2,0.8,0.5,479.00833333333316,1885.999999999999,6227.208333333333,3270.458333333333,2956.7500000000005,0.35664335664335667,0.16083916083916083,0.8176145833333333
cloudy,2024-04-03,SMA,60min,N,12.0,small,2000.0,500.0,0.2,0.8,0.5,236.96666666666664,1891.5041666666664,8342.520833333332,3559.5486111111095,4782.972222222224,0.5104895104895105,0.23076923076923078,0.8898871527777774
medium,2025-03-15,EMA,10min,alpha,0.6666666666666666,small,2000.0,500.0,0.2,0.8,0.5,447.67917428273927,447.67917428273927,946.0813970231168,946.0813970231168,0.0,0.0,0.0,0.2365203492557792
medium,2025-03-15,EMA,20min,alpha,0.4,small,2000.0,500.0,0.2,0.8,0.5,294.7606459285963,294.7606459285963,1974.4253147060574,1914.2251447798099,60.20016992624738,0.022222222222222223,0.0,0.47855628619495244
medium,2025-03-15,EMA,30min,alpha,0.2857142857142857,small,2000.0,500.0,0.2,0.8,0.5,219.368593599296,320.8687656236102,2602.3036452260367,2414.6869338803763,187.61671134566043,0.05925925925925926,0.06666666666666667,0.6036717334700941
medium,2025-03-15,EMA,60min,alpha,0.15384615384615385,small,2000.0,500.0,0.2,0.8,0.5,157.78570764592442,557.3499999999999,3952.181093068792,2715.4981189310183,1236.6829741377737,0.21481481481481482,0.26666666666666666,0.6788745297327545
medium,2025-03-15,SMA,10min,N,2.0,small,2000.0,500.0,0.2,0.8,0.5,499.99999999999943,499.99999999999943,1388.1666666666665,1351.1666666666665,37.0,0.022222222222222223,0.0,0.3377916666666666
medium,2025-03-15,SMA,20min,N,4.0,small,2000.0,500.0,0.2,0.8,0.5,310.03749999999997,351.8124999999998,2482.3541666666665,2295.4166666666665,186.9375,0.06666666666666667,0.0,0.5738541666666667
medium,2025-03-15,SMA,30min,N,6.0,small,2000.0,500.0,0.2,0.8,0.5,212.06666666666646,378.5666666666661,3126.319444444444,2762.8472222222213,363.47222222222274,0.17777777777777778,0.05925925925925926,0.6907118055555553
medium,2025-03-15,SMA,60min,N,12.0,small,2000.0,500.0,0.2,0.8,0.5,139.42083333333332,545.0541666666666,4346.965277777777,2979.09722222222,1367.8680555555568,0.2518518518518518,0.2,0.744774305555555
